"film_id","title","description","release_year","language_id","rental_duration","rental_rate","length","replacement_cost","rating","last_update","special_features","fulltext","exists"
6,"Agent Truman","A Intrepid Panorama of a Robot And a Boy who must Escape a Sumo Wrestler in Ancient China",2006,1,3,"2.99",169,"17.99","PG","2013-05-26 14:50:58.951","{""Deleted Scenes""}","'agent':1 'ancient':19 'boy':11 'china':20 'escap':14 'intrepid':4 'must':13 'panorama':5 'robot':8 'sumo':16 'truman':2 'wrestler':17",True
9,"Alabama Devil","A Thoughtful Panorama of a Database Administrator And a Mad Scientist who must Outgun a Mad Scientist in A Jet Boat",2006,1,3,"2.99",114,"21.99","PG-13","2013-05-26 14:50:58.951","{Trailers,""Deleted Scenes""}","'administr':9 'alabama':1 'boat':23 'databas':8 'devil':2 'jet':22 'mad':12,18 'must':15 'outgun':16 'panorama':5 'scientist':13,19 'thought':4",True
20,"Amelie Hellfighters","A Boring Drama of a Woman And a Squirrel who must Conquer a Student in A Baloon",2006,1,4,"4.99",79,"23.99","R","2013-05-26 14:50:58.951","{Commentaries,""Deleted Scenes"",""Behind the Scenes""}","'ameli':1 'baloon':19 'bore':4 'conquer':14 'drama':5 'hellfight':2 'must':13 'squirrel':11 'student':16 'woman':8",True
25,"Angels Life","A Thoughtful Display of a Woman And a Astronaut who must Battle a Robot in Berlin",2006,1,3,"2.99",74,"15.99","G","2013-05-26 14:50:58.951","{Trailers}","'angel':1 'astronaut':11 'battl':14 'berlin':18 'display':5 'life':2 'must':13 'robot':16 'thought':4 'woman':8",True
26,"Annie Identity","A Amazing Panorama of a Pastry Chef And a Boat who must Escape a Woman in An Abandoned Amusement Park",2006,1,3,"0.99",86,"15.99","G","2013-05-26 14:50:58.951","{Commentaries,""Deleted Scenes""}","'abandon':20 'amaz':4 'amus':21 'anni':1 'boat':12 'chef':9 'escap':15 'ident':2 'must':14 'panorama':5 'park':22 'pastri':8 'woman':17",True
28,"Anthem Luke","A Touching Panorama of a Waitress And a Woman who must Outrace a Dog in An Abandoned Amusement Park",2006,1,5,"4.99",91,"16.99","PG-13","2013-05-26 14:50:58.951","{""Deleted Scenes"",""Behind the Scenes""}","'abandon':19 'amus':20 'anthem':1 'dog':16 'luke':2 'must':13 'outrac':14 'panorama':5 'park':21 'touch':4 'waitress':8 'woman':11",True
29,"Antitrust Tomatoes","A Fateful Yarn of a Womanizer And a Feminist who must Succumb a Database Administrator in Ancient India",2006,1,5,"2.99",168,"11.99","NC-17","2013-05-26 14:50:58.951","{Trailers,Commentaries,""Deleted Scenes""}","'administr':17 'ancient':19 'antitrust':1 'databas':16 'fate':4 'feminist':11 'india':20 'must':13 'succumb':14 'tomato':2 'woman':8 'yarn':5",True
30,"Anything Savannah","A Epic Story of a Pastry Chef And a Woman who must Chase a Feminist in An Abandoned Fun House",2006,1,4,"2.99",82,"27.99","R","2013-05-26 14:50:58.951","{Trailers,""Deleted Scenes"",""Behind the Scenes""}","'abandon':20 'anyth':1 'chase':15 'chef':9 'epic':4 'feminist':17 'fun':21 'hous':22 'must':14 'pastri':8 'savannah':2 'stori':5 'woman':12",True
32,"Apocalypse Flamingos","A Astounding Story of a Dog And a Squirrel who must Defeat a Woman in An Abandoned Amusement Park",2006,1,6,"4.99",119,"11.99","R","2013-05-26 14:50:58.951","{Trailers,Commentaries}","'abandon':19 'amus':20 'apocalyps':1 'astound':4 'defeat':14 'dog':8 'flamingo':2 'must':13 'park':21 'squirrel':11 'stori':5 'woman':16",True
37,"Arizona Bang","A Brilliant Panorama of a Mad Scientist And a Mad Cow who must Meet a Pioneer in A Monastery",2006,1,3,"2.99",121,"28.99","PG","2013-05-26 14:50:58.951","{Trailers,""Deleted Scenes""}","'arizona':1 'bang':2 'brilliant':4 'cow':13 'mad':8,12 'meet':16 'monasteri':21 'must':15 'panorama':5 'pioneer':18 'scientist':9",True
40,"Army Flintstones","A Boring Saga of a Database Administrator And a Womanizer who must Battle a Waitress in Nigeria",2006,1,4,"0.99",148,"22.99","R","2013-05-26 14:50:58.951","{Trailers,Commentaries}","'administr':9 'armi':1 'battl':15 'bore':4 'databas':8 'flintston':2 'must':14 'nigeria':19 'saga':5 'waitress':17 'woman':12",True
41,"Arsenic Independence","A Fanciful Documentary of a Mad Cow And a Womanizer who must Find a Dentist in Berlin",2006,1,4,"0.99",137,"17.99","PG","2013-05-26 14:50:58.951","{Trailers,""Deleted Scenes"",""Behind the Scenes""}","'arsenic':1 'berlin':19 'cow':9 'dentist':17 'documentari':5 'fanci':4 'find':15 'independ':2 'mad':8 'must':14 'woman':12",True
42,"Artist Coldblooded","A Stunning Reflection of a Robot And a Moose who must Challenge a Woman in California",2006,1,5,"2.99",170,"10.99","NC-17","2013-05-26 14:50:58.951","{Trailers,""Behind the Scenes""}","'artist':1 'california':18 'challeng':14 'coldblood':2 'moos':11 'must':13 'reflect':5 'robot':8 'stun':4 'woman':16",True
44,"Attacks Hate","A Fast-Paced Panorama of a Technical Writer And a Mad Scientist who must Find a Feminist in An Abandoned Mine Shaft",2006,1,5,"4.99",113,"21.99","PG-13","2013-05-26 14:50:58.951","{Trailers,""Behind the Scenes""}","'abandon':23 'attack':1 'fast':5 'fast-pac':4 'feminist':20 'find':18 'hate':2 'mad':14 'mine':24 'must':17 'pace':6 'panorama':7 'scientist':15 'shaft':25 'technic':10 'writer':11",True
45,"Attraction Newton","A Astounding Panorama of a Composer And a Frisbee who must Reach a Husband in Ancient Japan",2006,1,5,"4.99",83,"14.99","PG-13","2013-05-26 14:50:58.951","{Trailers,""Behind the Scenes""}","'ancient':18 'astound':4 'attract':1 'compos':8 'frisbe':11 'husband':16 'japan':19 'must':13 'newton':2 'panorama':5 'reach':14",True
49,"Badman Dawn","A Emotional Panorama of a Pioneer And a Composer who must Escape a Mad Scientist in A Jet Boat",2006,1,6,"2.99",162,"22.99","R","2013-05-26 14:50:58.951","{Trailers,Commentaries,""Behind the Scenes""}","'badman':1 'boat':21 'compos':11 'dawn':2 'emot':4 'escap':14 'jet':20 'mad':16 'must':13 'panorama':5 'pioneer':8 'scientist':17",True
51,"Balloon Homeward","A Insightful Panorama of a Forensic Psychologist And a Mad Cow who must Build a Mad Scientist in The First Manned Space Station",2006,1,5,"2.99",75,"10.99","NC-17","2013-05-26 14:50:58.951","{""Deleted Scenes""}","'balloon':1 'build':16 'cow':13 'first':22 'forens':8 'homeward':2 'insight':4 'mad':12,18 'man':23 'must':15 'panorama':5 'psychologist':9 'scientist':19 'space':24 'station':25",True
58,"Beach Heartbreakers","A Fateful Display of a Womanizer And a Mad Scientist who must Outgun a A Shark in Soviet Georgia",2006,1,6,"2.99",122,"16.99","G","2013-05-26 14:50:58.951","{""Deleted Scenes"",""Behind the Scenes""}","'beach':1 'display':5 'fate':4 'georgia':21 'heartbreak':2 'mad':11 'must':14 'outgun':15 'scientist':12 'shark':18 'soviet':20 'woman':8",True
62,"Bed Highball","A Astounding Panorama of a Lumberjack And a Dog who must Redeem a Woman in An Abandoned Fun House",2006,1,5,"2.99",106,"23.99","NC-17","2013-05-26 14:50:58.951","{Trailers,Commentaries,""Deleted Scenes""}","'abandon':19 'astound':4 'bed':1 'dog':11 'fun':20 'highbal':2 'hous':21 'lumberjack':8 'must':13 'panorama':5 'redeem':14 'woman':16",True
66,"Beneath Rush","A Astounding Panorama of a Man And a Monkey who must Discover a Man in The First Manned Space Station",2006,1,6,"0.99",53,"27.99","NC-17","2013-05-26 14:50:58.951","{Commentaries,""Deleted Scenes""}","'astound':4 'beneath':1 'discov':14 'first':19 'man':8,16,20 'monkey':11 'must':13 'panorama':5 'rush':2 'space':21 'station':22",True
69,"Beverly Outlaw","A Fanciful Documentary of a Womanizer And a Boat who must Defeat a Madman in The First Manned Space Station",2006,1,3,"2.99",85,"21.99","R","2013-05-26 14:50:58.951","{Trailers}","'bever':1 'boat':11 'defeat':14 'documentari':5 'fanci':4 'first':19 'madman':16 'man':20 'must':13 'outlaw':2 'space':21 'station':22 'woman':8",True
70,"Bikini Borrowers","A Astounding Drama of a Astronaut And a Cat who must Discover a Woman in The First Manned Space Station",2006,1,7,"4.99",142,"26.99","NC-17","2013-05-26 14:50:58.951","{Commentaries,""Deleted Scenes""}","'astound':4 'astronaut':8 'bikini':1 'borrow':2 'cat':11 'discov':14 'drama':5 'first':19 'man':20 'must':13 'space':21 'station':22 'woman':16",True
74,"Birch Antitrust","A Fanciful Panorama of a Husband And a Pioneer who must Outgun a Dog in A Baloon",2006,1,4,"4.99",162,"18.99","PG","2013-05-26 14:50:58.951","{Trailers,Commentaries,""Deleted Scenes""}","'antitrust':2 'baloon':19 'birch':1 'dog':16 'fanci':4 'husband':8 'must':13 'outgun':14 'panorama':5 'pioneer':11",True
77,"Birds Perdition","A Boring Story of a Womanizer And a Pioneer who must Face a Dog in California",2006,1,5,"4.99",61,"15.99","G","2013-05-26 14:50:58.951","{Trailers,""Behind the Scenes""}","'bird':1 'bore':4 'california':18 'dog':16 'face':14 'must':13 'perdit':2 'pioneer':11 'stori':5 'woman':8",True
87,"Boondock Ballroom","A Fateful Panorama of a Crocodile And a Boy who must Defeat a Monkey in The Gulf of Mexico",2006,1,7,"0.99",76,"14.99","NC-17","2013-05-26 14:50:58.951","{""Behind the Scenes""}","'ballroom':2 'boondock':1 'boy':11 'crocodil':8 'defeat':14 'fate':4 'gulf':19 'mexico':21 'monkey':16 'must':13 'panorama':5",True
91,"Bound Cheaper","A Thrilling Panorama of a Database Administrator And a Astronaut who must Challenge a Lumberjack in A Baloon",2006,1,5,"0.99",98,"17.99","PG","2013-05-26 14:50:58.951","{""Behind the Scenes""}","'administr':9 'astronaut':12 'baloon':20 'bound':1 'challeng':15 'cheaper':2 'databas':8 'lumberjack':17 'must':14 'panorama':5 'thrill':4",True
99,"Bringing Hysterical","A Fateful Saga of a A Shark And a Technical Writer who must Find a Woman in A Jet Boat",2006,1,7,"2.99",136,"14.99","PG","2013-05-26 14:50:58.951","{Trailers}","'boat':22 'bring':1 'fate':4 'find':16 'hyster':2 'jet':21 'must':15 'saga':5 'shark':9 'technic':12 'woman':18 'writer':13",True
102,"Bubble Grosse","A Awe-Inspiring Panorama of a Crocodile And a Moose who must Confront a Girl in A Baloon",2006,1,4,"4.99",60,"20.99","R","2013-05-26 14:50:58.951","{Trailers,Commentaries,""Deleted Scenes"",""Behind the Scenes""}","'awe':5 'awe-inspir':4 'baloon':21 'bubbl':1 'confront':16 'crocodil':10 'girl':18 'gross':2 'inspir':6 'moos':13 'must':15 'panorama':7",True
103,"Bucket Brotherhood","A Amazing Display of a Girl And a Womanizer who must Succumb a Lumberjack in A Baloon Factory",2006,1,7,"4.99",133,"27.99","PG","2013-05-26 14:50:58.951","{Commentaries,""Deleted Scenes""}","'amaz':4 'baloon':19 'brotherhood':2 'bucket':1 'display':5 'factori':20 'girl':8 'lumberjack':16 'must':13 'succumb':14 'woman':11",True
111,"Caddyshack Jedi","A Awe-Inspiring Epistle of a Woman And a Madman who must Fight a Robot in Soviet Georgia",2006,1,3,"0.99",52,"17.99","NC-17","2013-05-26 14:50:58.951","{Commentaries,""Deleted Scenes""}","'awe':5 'awe-inspir':4 'caddyshack':1 'epistl':7 'fight':16 'georgia':21 'inspir':6 'jedi':2 'madman':13 'must':15 'robot':18 'soviet':20 'woman':10",True
114,"Camelot Vacation","A Touching Character Study of a Woman And a Waitress who must Battle a Pastry Chef in A MySQL Convention",2006,1,3,"0.99",61,"26.99","NC-17","2013-05-26 14:50:58.951","{Trailers,Commentaries,""Deleted Scenes"",""Behind the Scenes""}","'battl':15 'camelot':1 'charact':5 'chef':18 'convent':22 'must':14 'mysql':21 'pastri':17 'studi':6 'touch':4 'vacat':2 'waitress':12 'woman':9",True
119,"Caper Motions","A Fateful Saga of a Moose And a Car who must Pursue a Woman in A MySQL Convention",2006,1,6,"0.99",176,"22.99","G","2013-05-26 14:50:58.951","{Trailers,Commentaries,""Deleted Scenes""}","'caper':1 'car':11 'convent':20 'fate':4 'moos':8 'motion':2 'must':13 'mysql':19 'pursu':14 'saga':5 'woman':16",True
123,"Casablanca Super","A Amazing Panorama of a Crocodile And a Forensic Psychologist who must Pursue a Secret Agent in The First Manned Space Station",2006,1,6,"4.99",85,"22.99","G","2013-05-26 14:50:58.951","{Trailers,""Deleted Scenes"",""Behind the Scenes""}","'agent':18 'amaz':4 'casablanca':1 'crocodil':8 'first':21 'forens':11 'man':22 'must':14 'panorama':5 'psychologist':12 'pursu':15 'secret':17 'space':23 'station':24 'super':2",True
127,"Cat Coneheads","A Fast-Paced Panorama of a Girl And a A Shark who must Confront a Boy in Ancient India",2006,1,5,"4.99",112,"14.99","G","2013-05-26 14:50:58.951","{Commentaries,""Deleted Scenes""}","'ancient':21 'boy':19 'cat':1 'conehead':2 'confront':17 'fast':5 'fast-pac':4 'girl':10 'india':22 'must':16 'pace':6 'panorama':7 'shark':14",True
128,"Catch Amistad","A Boring Reflection of a Lumberjack And a Feminist who must Discover a Woman in Nigeria",2006,1,7,"0.99",183,"10.99","G","2013-05-26 14:50:58.951","{Trailers,""Behind the Scenes""}","'amistad':2 'bore':4 'catch':1 'discov':14 'feminist':11 'lumberjack':8 'must':13 'nigeria':18 'reflect':5 'woman':16",True
144,"Chinatown Gladiator","A Brilliant Panorama of a Technical Writer And a Lumberjack who must Escape a Butler in Ancient India",2006,1,7,"4.99",61,"24.99","PG","2013-05-26 14:50:58.951","{Trailers,Commentaries,""Deleted Scenes""}","'ancient':19 'brilliant':4 'butler':17 'chinatown':1 'escap':15 'gladiat':2 'india':20 'lumberjack':12 'must':14 'panorama':5 'technic':8 'writer':9",True
159,"Closer Bang","A Unbelieveable Panorama of a Frisbee And a Hunter who must Vanquish a Monkey in Ancient India",2006,1,5,"4.99",58,"12.99","R","2013-05-26 14:50:58.951","{Trailers,""Behind the Scenes""}","'ancient':18 'bang':2 'closer':1 'frisbe':8 'hunter':11 'india':19 'monkey':16 'must':13 'panorama':5 'unbeliev':4 'vanquish':14",True
165,"Coldblooded Darling","A Brilliant Panorama of a Dentist And a Moose who must Find a Student in The Gulf of Mexico",2006,1,7,"4.99",70,"27.99","G","2013-05-26 14:50:58.951","{Trailers,""Deleted Scenes""}","'brilliant':4 'coldblood':1 'darl':2 'dentist':8 'find':14 'gulf':19 'mexico':21 'moos':11 'must':13 'panorama':5 'student':16",True
166,"Color Philadelphia","A Thoughtful Panorama of a Car And a Crocodile who must Sink a Monkey in The Sahara Desert",2006,1,6,"2.99",149,"19.99","G","2013-05-26 14:50:58.951","{Commentaries,""Behind the Scenes""}","'car':8 'color':1 'crocodil':11 'desert':20 'monkey':16 'must':13 'panorama':5 'philadelphia':2 'sahara':19 'sink':14 'thought':4",True
169,"Comforts Rush","A Unbelieveable Panorama of a Pioneer And a Husband who must Meet a Mad Cow in An Abandoned Mine Shaft",2006,1,3,"2.99",76,"19.99","NC-17","2013-05-26 14:50:58.951","{Commentaries,""Behind the Scenes""}","'abandon':20 'comfort':1 'cow':17 'husband':11 'mad':16 'meet':14 'mine':21 'must':13 'panorama':5 'pioneer':8 'rush':2 'shaft':22 'unbeliev':4",True
170,"Command Darling","A Awe-Inspiring Tale of a Forensic Psychologist And a Woman who must Challenge a Database Administrator in Ancient Japan",2006,1,5,"4.99",120,"28.99","PG-13","2013-05-26 14:50:58.951","{""Behind the Scenes""}","'administr':20 'ancient':22 'awe':5 'awe-inspir':4 'challeng':17 'command':1 'darl':2 'databas':19 'forens':10 'inspir':6 'japan':23 'must':16 'psychologist':11 'tale':7 'woman':14",True
172,"Coneheads Smoochy","A Touching Story of a Womanizer And a Composer who must Pursue a Husband in Nigeria",2006,1,7,"4.99",112,"12.99","NC-17","2013-05-26 14:50:58.951","{""Deleted Scenes"",""Behind the Scenes""}","'compos':11 'conehead':1 'husband':16 'must':13 'nigeria':18 'pursu':14 'smoochi':2 'stori':5 'touch':4 'woman':8",True
174,"Confidential Interview","A Stunning Reflection of a Cat And a Woman who must Find a Astronaut in Ancient Japan",2006,1,6,"4.99",180,"13.99","NC-17","2013-05-26 14:50:58.951","{Commentaries}","'ancient':18 'astronaut':16 'cat':8 'confidenti':1 'find':14 'interview':2 'japan':19 'must':13 'reflect':5 'stun':4 'woman':11",True
188,"Crazy Home","A Fanciful Panorama of a Boy And a Woman who must Vanquish a Database Administrator in The Outback",2006,1,7,"2.99",136,"24.99","PG","2013-05-26 14:50:58.951","{Commentaries,""Deleted Scenes""}","'administr':17 'boy':8 'crazi':1 'databas':16 'fanci':4 'home':2 'must':13 'outback':20 'panorama':5 'vanquish':14 'woman':11",True
189,"Creatures Shakespeare","A Emotional Drama of a Womanizer And a Squirrel who must Vanquish a Crocodile in Ancient India",2006,1,3,"0.99",139,"23.99","NC-17","2013-05-26 14:50:58.951","{Trailers,""Deleted Scenes""}","'ancient':18 'creatur':1 'crocodil':16 'drama':5 'emot':4 'india':19 'must':13 'shakespear':2 'squirrel':11 'vanquish':14 'woman':8",True
192,"Crossing Divorce","A Beautiful Documentary of a Dog And a Robot who must Redeem a Womanizer in Berlin",2006,1,4,"4.99",50,"19.99","R","2013-05-26 14:50:58.951","{Commentaries,""Deleted Scenes"",""Behind the Scenes""}","'beauti':4 'berlin':18 'cross':1 'divorc':2 'documentari':5 'dog':8 'must':13 'redeem':14 'robot':11 'woman':16",True
194,"Crow Grease","A Awe-Inspiring Documentary of a Woman And a Husband who must Sink a Database Administrator in The First Manned Space Station",2006,1,6,"0.99",104,"22.99","PG","2013-05-26 14:50:58.951","{Trailers,Commentaries,""Behind the Scenes""}","'administr':19 'awe':5 'awe-inspir':4 'crow':1 'databas':18 'documentari':7 'first':22 'greas':2 'husband':13 'inspir':6 'man':23 'must':15 'sink':16 'space':24 'station':25 'woman':10",True
201,"Cyclone Family","A Lacklusture Drama of a Student And a Monkey who must Sink a Womanizer in A MySQL Convention",2006,1,7,"2.99",176,"18.99","PG","2013-05-26 14:50:58.951","{Trailers,""Deleted Scenes""}","'convent':20 'cyclon':1 'drama':5 'famili':2 'lacklustur':4 'monkey':11 'must':13 'mysql':19 'sink':14 'student':8 'woman':16",True
207,"Dangerous Uptown","A Unbelieveable Story of a Mad Scientist And a Woman who must Overcome a Dog in California",2006,1,7,"4.99",121,"26.99","PG","2013-05-26 14:50:58.951","{Commentaries}","'california':19 'danger':1 'dog':17 'mad':8 'must':14 'overcom':15 'scientist':9 'stori':5 'unbeliev':4 'uptown':2 'woman':12",True
220,"Deer Virginian","A Thoughtful Story of a Mad Cow And a Womanizer who must Overcome a Mad Scientist in Soviet Georgia",2006,1,7,"2.99",106,"13.99","NC-17","2013-05-26 14:50:58.951","{""Deleted Scenes""}","'cow':9 'deer':1 'georgia':21 'mad':8,17 'must':14 'overcom':15 'scientist':18 'soviet':20 'stori':5 'thought':4 'virginian':2 'woman':12",True
228,"Detective Vision","A Fanciful Documentary of a Pioneer And a Woman who must Redeem a Hunter in Ancient Japan",2006,1,4,"0.99",143,"16.99","PG-13","2013-05-26 14:50:58.951","{Trailers,Commentaries,""Behind the Scenes""}","'ancient':18 'detect':1 'documentari':5 'fanci':4 'hunter':16 'japan':19 'must':13 'pioneer':8 'redeem':14 'vision':2 'woman':11",True
236,"Divine Resurrection","A Boring Character Study of a Man And a Womanizer who must Succumb a Teacher in An Abandoned Amusement Park",2006,1,4,"2.99",100,"19.99","R","2013-05-26 14:50:58.951","{Trailers,Commentaries}","'abandon':20 'amus':21 'bore':4 'charact':5 'divin':1 'man':9 'must':14 'park':22 'resurrect':2 'studi':6 'succumb':15 'teacher':17 'woman':12",True
238,"Doctor Grail","A Insightful Drama of a Womanizer And a Waitress who must Reach a Forensic Psychologist in The Outback",2006,1,4,"2.99",57,"29.99","G","2013-05-26 14:50:58.951","{Trailers,Commentaries,""Behind the Scenes""}","'doctor':1 'drama':5 'forens':16 'grail':2 'insight':4 'must':13 'outback':20 'psychologist':17 'reach':14 'waitress':11 'woman':8",True
242,"Doom Dancing","A Astounding Panorama of a Car And a Mad Scientist who must Battle a Lumberjack in A MySQL Convention",2006,1,4,"0.99",68,"13.99","R","2013-05-26 14:50:58.951","{Trailers,Commentaries}","'astound':4 'battl':15 'car':8 'convent':21 'danc':2 'doom':1 'lumberjack':17 'mad':11 'must':14 'mysql':20 'panorama':5 'scientist':12",True
243,"Doors President","A Awe-Inspiring Display of a Squirrel And a Woman who must Overcome a Boy in The Gulf of Mexico",2006,1,3,"4.99",49,"22.99","NC-17","2013-05-26 14:50:58.951","{Trailers,Commentaries,""Deleted Scenes"",""Behind the Scenes""}","'awe':5 'awe-inspir':4 'boy':18 'display':7 'door':1 'gulf':21 'inspir':6 'mexico':23 'must':15 'overcom':16 'presid':2 'squirrel':10 'woman':13",True
245,"Double Wrath","A Thoughtful Yarn of a Womanizer And a Dog who must Challenge a Madman in The Gulf of Mexico",2006,1,4,"0.99",177,"28.99","R","2013-05-26 14:50:58.951","{Trailers,""Deleted Scenes"",""Behind the Scenes""}","'challeng':14 'dog':11 'doubl':1 'gulf':19 'madman':16 'mexico':21 'must':13 'thought':4 'woman':8 'wrath':2 'yarn':5",True
246,"Doubtfire Labyrinth","A Intrepid Panorama of a Butler And a Composer who must Meet a Mad Cow in The Sahara Desert",2006,1,5,"4.99",154,"16.99","R","2013-05-26 14:50:58.951","{""Deleted Scenes"",""Behind the Scenes""}","'butler':8 'compos':11 'cow':17 'desert':21 'doubtfir':1 'intrepid':4 'labyrinth':2 'mad':16 'meet':14 'must':13 'panorama':5 'sahara':20",True
253,"Drifter Commandments","A Epic Reflection of a Womanizer And a Squirrel who must Discover a Husband in A Jet Boat",2006,1,5,"4.99",61,"18.99","PG-13","2013-05-26 14:50:58.951","{Trailers,""Behind the Scenes""}","'boat':20 'command':2 'discov':14 'drifter':1 'epic':4 'husband':16 'jet':19 'must':13 'reflect':5 'squirrel':11 'woman':8",True
257,"Drumline Cyclone","A Insightful Panorama of a Monkey And a Sumo Wrestler who must Outrace a Mad Scientist in The Canadian Rockies",2006,1,3,"0.99",110,"14.99","G","2013-05-26 14:50:58.951","{Commentaries,""Deleted Scenes"",""Behind the Scenes""}","'canadian':21 'cyclon':2 'drumlin':1 'insight':4 'mad':17 'monkey':8 'must':14 'outrac':15 'panorama':5 'rocki':22 'scientist':18 'sumo':11 'wrestler':12",True
263,"Durham Panky","A Brilliant Panorama of a Girl And a Boy who must Face a Mad Scientist in An Abandoned Mine Shaft",2006,1,6,"4.99",154,"14.99","R","2013-05-26 14:50:58.951","{Trailers,Commentaries}","'abandon':20 'boy':11 'brilliant':4 'durham':1 'face':14 'girl':8 'mad':16 'mine':21 'must':13 'panki':2 'panorama':5 'scientist':17 'shaft':22",True
268,"Early Home","A Amazing Panorama of a Mad Scientist And a Husband who must Meet a Woman in The Outback",2006,1,6,"4.99",96,"27.99","NC-17","2013-05-26 14:50:58.951","{Trailers,Commentaries,""Behind the Scenes""}","'amaz':4 'earli':1 'home':2 'husband':12 'mad':8 'meet':15 'must':14 'outback':20 'panorama':5 'scientist':9 'woman':17",True
270,"Earth Vision","A Stunning Drama of a Butler And a Madman who must Outrace a Womanizer in Ancient India",2006,1,7,"0.99",85,"29.99","NC-17","2013-05-26 14:50:58.951","{Trailers,Commentaries,""Deleted Scenes""}","'ancient':18 'butler':8 'drama':5 'earth':1 'india':19 'madman':11 'must':13 'outrac':14 'stun':4 'vision':2 'woman':16",True
277,"Elephant Trojan","A Beautiful Panorama of a Lumberjack And a Forensic Psychologist who must Overcome a Frisbee in A Baloon",2006,1,4,"4.99",126,"24.99","PG-13","2013-05-26 14:50:58.951","{""Behind the Scenes""}","'baloon':20 'beauti':4 'eleph':1 'forens':11 'frisbe':17 'lumberjack':8 'must':14 'overcom':15 'panorama':5 'psychologist':12 'trojan':2",True
278,"Elf Murder","A Action-Packed Story of a Frisbee And a Woman who must Reach a Girl in An Abandoned Mine Shaft",2006,1,4,"4.99",155,"19.99","NC-17","2013-05-26 14:50:58.951","{Trailers,Commentaries,""Behind the Scenes""}","'abandon':21 'action':5 'action-pack':4 'elf':1 'frisbe':10 'girl':18 'mine':22 'murder':2 'must':15 'pack':6 'reach':16 'shaft':23 'stori':7 'woman':13",True
279,"Elizabeth Shane","A Lacklusture Display of a Womanizer And a Dog who must Face a Sumo Wrestler in Ancient Japan",2006,1,7,"4.99",152,"11.99","NC-17","2013-05-26 14:50:58.951","{Trailers,""Deleted Scenes"",""Behind the Scenes""}","'ancient':19 'display':5 'dog':11 'elizabeth':1 'face':14 'japan':20 'lacklustur':4 'must':13 'shane':2 'sumo':16 'woman':8 'wrestler':17",True
282,"Encounters Curtain","A Insightful Epistle of a Pastry Chef And a Womanizer who must Build a Boat in New Orleans",2006,1,5,"0.99",92,"20.99","NC-17","2013-05-26 14:50:58.951","{Trailers}","'boat':17 'build':15 'chef':9 'curtain':2 'encount':1 'epistl':5 'insight':4 'must':14 'new':19 'orlean':20 'pastri':8 'woman':12",True
284,"Enemy Odds","A Fanciful Panorama of a Mad Scientist And a Woman who must Pursue a Astronaut in Ancient India",2006,1,5,"4.99",77,"23.99","NC-17","2013-05-26 14:50:58.951","{Trailers}","'ancient':19 'astronaut':17 'enemi':1 'fanci':4 'india':20 'mad':8 'must':14 'odd':2 'panorama':5 'pursu':15 'scientist':9 'woman':12",True
287,"Entrapment Satisfaction","A Thoughtful Panorama of a Hunter And a Teacher who must Reach a Mad Cow in A U-Boat",2006,1,5,"0.99",176,"19.99","R","2013-05-26 14:50:58.951","{Commentaries,""Deleted Scenes"",""Behind the Scenes""}","'boat':22 'cow':17 'entrap':1 'hunter':8 'mad':16 'must':13 'panorama':5 'reach':14 'satisfact':2 'teacher':11 'thought':4 'u':21 'u-boat':20",True
301,"Family Sweet","A Epic Documentary of a Teacher And a Boy who must Escape a Woman in Berlin",2006,1,4,"0.99",155,"24.99","R","2013-05-26 14:50:58.951","{Trailers}","'berlin':18 'boy':11 'documentari':5 'epic':4 'escap':14 'famili':1 'must':13 'sweet':2 'teacher':8 'woman':16",True
309,"Feud Frogmen","A Brilliant Reflection of a Database Administrator And a Mad Cow who must Chase a Woman in The Canadian Rockies",2006,1,6,"0.99",98,"29.99","R","2013-05-26 14:50:58.951","{Trailers,Commentaries,""Deleted Scenes"",""Behind the Scenes""}","'administr':9 'brilliant':4 'canadian':21 'chase':16 'cow':13 'databas':8 'feud':1 'frogmen':2 'mad':12 'must':15 'reflect':5 'rocki':22 'woman':18",True
310,"Fever Empire","A Insightful Panorama of a Cat And a Boat who must Defeat a Boat in The Gulf of Mexico",2006,1,5,"4.99",158,"20.99","R","2013-05-26 14:50:58.951","{Commentaries,""Deleted Scenes""}","'boat':11,16 'cat':8 'defeat':14 'empir':2 'fever':1 'gulf':19 'insight':4 'mexico':21 'must':13 'panorama':5",True
314,"Fight Jawbreaker","A Intrepid Panorama of a Womanizer And a Girl who must Escape a Girl in A Manhattan Penthouse",2006,1,3,"0.99",91,"13.99","R","2013-05-26 14:50:58.951","{Trailers,Commentaries,""Deleted Scenes"",""Behind the Scenes""}","'escap':14 'fight':1 'girl':11,16 'intrepid':4 'jawbreak':2 'manhattan':19 'must':13 'panorama':5 'penthous':20 'woman':8",True
328,"Forever Candidate","A Unbelieveable Panorama of a Technical Writer And a Man who must Pursue a Frisbee in A U-Boat",2006,1,7,"2.99",131,"28.99","NC-17","2013-05-26 14:50:58.951","{Commentaries,""Deleted Scenes"",""Behind the Scenes""}","'boat':22 'candid':2 'forev':1 'frisbe':17 'man':12 'must':14 'panorama':5 'pursu':15 'technic':8 'u':21 'u-boat':20 'unbeliev':4 'writer':9",True
338,"Frisco Forrest","A Beautiful Documentary of a Woman And a Pioneer who must Pursue a Mad Scientist in A Shark Tank",2006,1,6,"4.99",51,"23.99","PG","2013-05-26 14:50:58.951","{Commentaries,""Deleted Scenes"",""Behind the Scenes""}","'beauti':4 'documentari':5 'forrest':2 'frisco':1 'mad':16 'must':13 'pioneer':11 'pursu':14 'scientist':17 'shark':20 'tank':21 'woman':8",True
346,"Galaxy Sweethearts","A Emotional Reflection of a Womanizer And a Pioneer who must Face a Squirrel in Berlin",2006,1,4,"4.99",128,"13.99","R","2013-05-26 14:50:58.951","{""Deleted Scenes""}","'berlin':18 'emot':4 'face':14 'galaxi':1 'must':13 'pioneer':11 'reflect':5 'squirrel':16 'sweetheart':2 'woman':8",True
349,"Gangs Pride","A Taut Character Study of a Woman And a A Shark who must Confront a Frisbee in Berlin",2006,1,4,"2.99",185,"27.99","PG-13","2013-05-26 14:50:58.951","{""Behind the Scenes""}","'berlin':20 'charact':5 'confront':16 'frisbe':18 'gang':1 'must':15 'pride':2 'shark':13 'studi':6 'taut':4 'woman':9",True
350,"Garden Island","A Unbelieveable Character Study of a Womanizer And a Madman who must Reach a Man in The Outback",2006,1,3,"4.99",80,"21.99","G","2013-05-26 14:50:58.951","{Trailers,""Behind the Scenes""}","'charact':5 'garden':1 'island':2 'madman':12 'man':17 'must':14 'outback':20 'reach':15 'studi':6 'unbeliev':4 'woman':9",True
354,"Ghost Groundhog","A Brilliant Panorama of a Madman And a Composer who must Succumb a Car in Ancient India",2006,1,6,"4.99",85,"18.99","G","2013-05-26 14:50:58.951","{Trailers,Commentaries,""Deleted Scenes"",""Behind the Scenes""}","'ancient':18 'brilliant':4 'car':16 'compos':11 'ghost':1 'groundhog':2 'india':19 'madman':8 'must':13 'panorama':5 'succumb':14",True
362,"Glory Tracy","A Amazing Saga of a Woman And a Womanizer who must Discover a Cat in The First Manned Space Station",2006,1,7,"2.99",115,"13.99","PG-13","2013-05-26 14:50:58.951","{Trailers,Commentaries,""Behind the Scenes""}","'amaz':4 'cat':16 'discov':14 'first':19 'glori':1 'man':20 'must':13 'saga':5 'space':21 'station':22 'traci':2 'woman':8,11",True
363,"Go Purple","A Fast-Paced Display of a Car And a Database Administrator who must Battle a Woman in A Baloon",2006,1,3,"0.99",54,"12.99","R","2013-05-26 14:50:58.951","{Trailers}","'administr':14 'baloon':22 'battl':17 'car':10 'databas':13 'display':7 'fast':5 'fast-pac':4 'go':1 'must':16 'pace':6 'purpl':2 'woman':19",True
371,"Gosford Donnie","A Epic Panorama of a Mad Scientist And a Monkey who must Redeem a Secret Agent in Berlin",2006,1,5,"4.99",129,"17.99","G","2013-05-26 14:50:58.951","{Commentaries}","'agent':18 'berlin':20 'donni':2 'epic':4 'gosford':1 'mad':8 'monkey':12 'must':14 'panorama':5 'redeem':15 'scientist':9 'secret':17",True
377,"Grease Youth","A Emotional Panorama of a Secret Agent And a Waitress who must Escape a Composer in Soviet Georgia",2006,1,7,"0.99",135,"20.99","G","2013-05-26 14:50:58.951","{Trailers,""Deleted Scenes""}","'agent':9 'compos':17 'emot':4 'escap':15 'georgia':20 'greas':1 'must':14 'panorama':5 'secret':8 'soviet':19 'waitress':12 'youth':2",True
385,"Groundhog Uncut","A Brilliant Panorama of a Astronaut And a Technical Writer who must Discover a Butler in A Manhattan Penthouse",2006,1,6,"4.99",139,"26.99","PG-13","2013-05-26 14:50:58.951","{Trailers,Commentaries,""Deleted Scenes"",""Behind the Scenes""}","'astronaut':8 'brilliant':4 'butler':17 'discov':15 'groundhog':1 'manhattan':20 'must':14 'panorama':5 'penthous':21 'technic':11 'uncut':2 'writer':12",True
390,"Guys Falcon","A Boring Story of a Woman And a Feminist who must Redeem a Squirrel in A U-Boat",2006,1,4,"4.99",84,"20.99","R","2013-05-26 14:50:58.951","{Trailers,Commentaries,""Behind the Scenes""}","'boat':21 'bore':4 'falcon':2 'feminist':11 'guy':1 'must':13 'redeem':14 'squirrel':16 'stori':5 'u':20 'u-boat':19 'woman':8",True
392,"Hall Cassidy","A Beautiful Panorama of a Pastry Chef And a A Shark who must Battle a Pioneer in Soviet Georgia",2006,1,5,"4.99",51,"13.99","NC-17","2013-05-26 14:50:58.951","{Commentaries,""Behind the Scenes""}","'battl':16 'beauti':4 'cassidi':2 'chef':9 'georgia':21 'hall':1 'must':15 'panorama':5 'pastri':8 'pioneer':18 'shark':13 'soviet':20",True
393,"Halloween Nuts","A Amazing Panorama of a Forensic Psychologist And a Technical Writer who must Fight a Dentist in A U-Boat",2006,1,6,"2.99",47,"19.99","PG-13","2013-05-26 14:50:58.951","{""Deleted Scenes""}","'amaz':4 'boat':23 'dentist':18 'fight':16 'forens':8 'halloween':1 'must':15 'nut':2 'panorama':5 'psychologist':9 'technic':12 'u':22 'u-boat':21 'writer':13",True
399,"Happiness United","A Action-Packed Panorama of a Husband And a Feminist who must Meet a Forensic Psychologist in Ancient Japan",2006,1,6,"2.99",100,"23.99","G","2013-05-26 14:50:58.951","{""Deleted Scenes""}","'action':5 'action-pack':4 'ancient':21 'feminist':13 'forens':18 'happi':1 'husband':10 'japan':22 'meet':16 'must':15 'pack':6 'panorama':7 'psychologist':19 'unit':2",True
400,"Hardly Robbers","A Emotional Character Study of a Hunter And a Car who must Kill a Woman in Berlin",2006,1,7,"2.99",72,"15.99","R","2013-05-26 14:50:58.951","{Trailers,""Behind the Scenes""}","'berlin':19 'car':12 'charact':5 'emot':4 'hard':1 'hunter':9 'kill':15 'must':14 'robber':2 'studi':6 'woman':17",True
402,"Harper Dying","A Awe-Inspiring Reflection of a Woman And a Cat who must Confront a Feminist in The Sahara Desert",2006,1,3,"0.99",52,"15.99","G","2013-05-26 14:50:58.951","{Trailers}","'awe':5 'awe-inspir':4 'cat':13 'confront':16 'desert':22 'die':2 'feminist':18 'harper':1 'inspir':6 'must':15 'reflect':7 'sahara':21 'woman':10",True
412,"Heavyweights Beast","A Unbelieveable Story of a Composer And a Dog who must Overcome a Womanizer in An Abandoned Amusement Park",2006,1,6,"4.99",102,"25.99","G","2013-05-26 14:50:58.951","{""Deleted Scenes""}","'abandon':19 'amus':20 'beast':2 'compos':8 'dog':11 'heavyweight':1 'must':13 'overcom':14 'park':21 'stori':5 'unbeliev':4 'woman':16",True
413,"Hedwig Alter","A Action-Packed Yarn of a Womanizer And a Lumberjack who must Chase a Sumo Wrestler in A Monastery",2006,1,7,"2.99",169,"16.99","NC-17","2013-05-26 14:50:58.951","{Trailers,Commentaries,""Behind the Scenes""}","'action':5 'action-pack':4 'alter':2 'chase':16 'hedwig':1 'lumberjack':13 'monasteri':22 'must':15 'pack':6 'sumo':18 'woman':10 'wrestler':19 'yarn':7",True
426,"Home Pity","A Touching Panorama of a Man And a Secret Agent who must Challenge a Teacher in A MySQL Convention",2006,1,7,"4.99",185,"15.99","R","2013-05-26 14:50:58.951","{Trailers,Commentaries,""Behind the Scenes""}","'agent':12 'challeng':15 'convent':21 'home':1 'man':8 'must':14 'mysql':20 'panorama':5 'piti':2 'secret':11 'teacher':17 'touch':4",True
438,"Human Graffiti","A Beautiful Reflection of a Womanizer And a Sumo Wrestler who must Chase a Database Administrator in The Gulf of Mexico",2006,1,3,"2.99",68,"22.99","NC-17","2013-05-26 14:50:58.951","{Trailers,""Behind the Scenes""}","'administr':18 'beauti':4 'chase':15 'databas':17 'graffiti':2 'gulf':21 'human':1 'mexico':23 'must':14 'reflect':5 'sumo':11 'woman':8 'wrestler':12",True
442,"Hunting Musketeers","A Thrilling Reflection of a Pioneer And a Dentist who must Outrace a Womanizer in An Abandoned Mine Shaft",2006,1,6,"2.99",65,"24.99","NC-17","2013-05-26 14:50:58.951","{Trailers,""Deleted Scenes""}","'abandon':19 'dentist':11 'hunt':1 'mine':20 'musket':2 'must':13 'outrac':14 'pioneer':8 'reflect':5 'shaft':21 'thrill':4 'woman':16",True
443,"Hurricane Affair","A Lacklusture Epistle of a Database Administrator And a Woman who must Meet a Hunter in An Abandoned Mine Shaft",2006,1,6,"2.99",49,"11.99","PG","2013-05-26 14:50:58.951","{Trailers,Commentaries,""Behind the Scenes""}","'abandon':20 'administr':9 'affair':2 'databas':8 'epistl':5 'hunter':17 'hurrican':1 'lacklustur':4 'meet':15 'mine':21 'must':14 'shaft':22 'woman':12",True
445,"Hyde Doctor","A Fanciful Documentary of a Boy And a Woman who must Redeem a Womanizer in A Jet Boat",2006,1,5,"2.99",100,"11.99","G","2013-05-26 14:50:58.951","{Trailers,""Deleted Scenes""}","'boat':20 'boy':8 'doctor':2 'documentari':5 'fanci':4 'hyde':1 'jet':19 'must':13 'redeem':14 'woman':11,16",True
453,"Image Princess","A Lacklusture Panorama of a Secret Agent And a Crocodile who must Discover a Madman in The Canadian Rockies",2006,1,3,"2.99",178,"17.99","PG-13","2013-05-26 14:50:58.951","{Trailers,Commentaries,""Deleted Scenes""}","'agent':9 'canadian':20 'crocodil':12 'discov':15 'imag':1 'lacklustur':4 'madman':17 'must':14 'panorama':5 'princess':2 'rocki':21 'secret':8",True
456,"Inch Jet","A Fateful Saga of a Womanizer And a Student who must Defeat a Butler in A Monastery",2006,1,6,"4.99",167,"18.99","NC-17","2013-05-26 14:50:58.951","{""Deleted Scenes""}","'butler':16 'defeat':14 'fate':4 'inch':1 'jet':2 'monasteri':19 'must':13 'saga':5 'student':11 'woman':8",True
459,"Informer Double","A Action-Packed Display of a Woman And a Dentist who must Redeem a Forensic Psychologist in The Canadian Rockies",2006,1,4,"4.99",74,"23.99","NC-17","2013-05-26 14:50:58.951","{Trailers,Commentaries}","'action':5 'action-pack':4 'canadian':22 'dentist':13 'display':7 'doubl':2 'forens':18 'inform':1 'must':15 'pack':6 'psychologist':19 'redeem':16 'rocki':23 'woman':10",True
466,"Intolerable Intentions","A Awe-Inspiring Story of a Monkey And a Pastry Chef who must Succumb a Womanizer in A MySQL Convention",2006,1,6,"4.99",63,"20.99","PG-13","2013-05-26 14:50:58.951","{Commentaries,""Behind the Scenes""}","'awe':5 'awe-inspir':4 'chef':14 'convent':23 'inspir':6 'intent':2 'intoler':1 'monkey':10 'must':16 'mysql':22 'pastri':13 'stori':7 'succumb':17 'woman':19",True
468,"Invasion Cyclone","A Lacklusture Character Study of a Mad Scientist And a Womanizer who must Outrace a Explorer in A Monastery",2006,1,5,"2.99",97,"12.99","PG","2013-05-26 14:50:58.951","{Trailers,""Deleted Scenes""}","'charact':5 'cyclon':2 'explor':18 'invas':1 'lacklustur':4 'mad':9 'monasteri':21 'must':15 'outrac':16 'scientist':10 'studi':6 'woman':13",True
471,"Island Exorcist","A Fanciful Panorama of a Technical Writer And a Boy who must Find a Dentist in An Abandoned Fun House",2006,1,7,"2.99",84,"23.99","NC-17","2013-05-26 14:50:58.951","{Trailers,Commentaries}","'abandon':20 'boy':12 'dentist':17 'exorcist':2 'fanci':4 'find':15 'fun':21 'hous':22 'island':1 'must':14 'panorama':5 'technic':8 'writer':9",True
473,"Jacket Frisco","A Insightful Reflection of a Womanizer And a Husband who must Conquer a Pastry Chef in A Baloon",2006,1,5,"2.99",181,"16.99","PG-13","2013-05-26 14:50:58.951","{Trailers,""Deleted Scenes"",""Behind the Scenes""}","'baloon':20 'chef':17 'conquer':14 'frisco':2 'husband':11 'insight':4 'jacket':1 'must':13 'pastri':16 'reflect':5 'woman':8",True
474,"Jade Bunch","A Insightful Panorama of a Squirrel And a Mad Cow who must Confront a Student in The First Manned Space Station",2006,1,6,"2.99",174,"21.99","NC-17","2013-05-26 14:50:58.951","{Trailers,Commentaries,""Behind the Scenes""}","'bunch':2 'confront':15 'cow':12 'first':20 'insight':4 'jade':1 'mad':11 'man':21 'must':14 'panorama':5 'space':22 'squirrel':8 'station':23 'student':17",True
476,"Jason Trap","A Thoughtful Tale of a Woman And a A Shark who must Conquer a Dog in A Monastery",2006,1,5,"2.99",130,"9.99","NC-17","2013-05-26 14:50:58.951","{Trailers,""Deleted Scenes"",""Behind the Scenes""}","'conquer':15 'dog':17 'jason':1 'monasteri':20 'must':14 'shark':12 'tale':5 'thought':4 'trap':2 'woman':8",True
482,"Jeopardy Encino","A Boring Panorama of a Man And a Mad Cow who must Face a Explorer in Ancient India",2006,1,3,"0.99",102,"12.99","R","2013-05-26 14:50:58.951","{Trailers,Commentaries}","'ancient':19 'bore':4 'cow':12 'encino':2 'explor':17 'face':15 'india':20 'jeopardi':1 'mad':11 'man':8 'must':14 'panorama':5",True
486,"Jet Neighbors","A Amazing Display of a Lumberjack And a Teacher who must Outrace a Woman in A U-Boat",2006,1,7,"4.99",59,"14.99","R","2013-05-26 14:50:58.951","{Trailers,Commentaries,""Behind the Scenes""}","'amaz':4 'boat':21 'display':5 'jet':1 'lumberjack':8 'must':13 'neighbor':2 'outrac':14 'teacher':11 'u':20 'u-boat':19 'woman':16",True
487,"Jingle Sagebrush","A Epic Character Study of a Feminist And a Student who must Meet a Woman in A Baloon",2006,1,6,"4.99",124,"29.99","PG-13","2013-05-26 14:50:58.951","{Trailers,Commentaries}","'baloon':20 'charact':5 'epic':4 'feminist':9 'jingl':1 'meet':15 'must':14 'sagebrush':2 'student':12 'studi':6 'woman':17",True
488,"Joon Northwest","A Thrilling Panorama of a Technical Writer And a Car who must Discover a Forensic Psychologist in A Shark Tank",2006,1,3,"0.99",105,"23.99","NC-17","2013-05-26 14:50:58.951","{Trailers,Commentaries,""Behind the Scenes""}","'car':12 'discov':15 'forens':17 'joon':1 'must':14 'northwest':2 'panorama':5 'psychologist':18 'shark':21 'tank':22 'technic':8 'thrill':4 'writer':9",True
490,"Jumanji Blade","A Intrepid Yarn of a Husband And a Womanizer who must Pursue a Mad Scientist in New Orleans",2006,1,4,"2.99",121,"13.99","G","2013-05-26 14:50:58.951","{Commentaries,""Behind the Scenes""}","'blade':2 'husband':8 'intrepid':4 'jumanji':1 'mad':16 'must':13 'new':19 'orlean':20 'pursu':14 'scientist':17 'woman':11 'yarn':5",True
492,"Jungle Closer","A Boring Character Study of a Boy And a Woman who must Battle a Astronaut in Australia",2006,1,6,"0.99",134,"11.99","NC-17","2013-05-26 14:50:58.951","{Trailers,Commentaries,""Deleted Scenes""}","'astronaut':17 'australia':19 'battl':15 'bore':4 'boy':9 'charact':5 'closer':2 'jungl':1 'must':14 'studi':6 'woman':12",True
494,"Karate Moon","A Astounding Yarn of a Womanizer And a Dog who must Reach a Waitress in A MySQL Convention",2006,1,4,"0.99",120,"21.99","PG-13","2013-05-26 14:50:58.951","{""Behind the Scenes""}","'astound':4 'convent':20 'dog':11 'karat':1 'moon':2 'must':13 'mysql':19 'reach':14 'waitress':16 'woman':8 'yarn':5",True
495,"Kentuckian Giant","A Stunning Yarn of a Woman And a Frisbee who must Escape a Waitress in A U-Boat",2006,1,5,"2.99",169,"10.99","PG","2013-05-26 14:50:58.951","{Trailers,Commentaries,""Deleted Scenes"",""Behind the Scenes""}","'boat':21 'escap':14 'frisbe':11 'giant':2 'kentuckian':1 'must':13 'stun':4 'u':20 'u-boat':19 'waitress':16 'woman':8 'yarn':5",True
506,"Lady Stage","A Beautiful Character Study of a Woman And a Man who must Pursue a Explorer in A U-Boat",2006,1,4,"4.99",67,"14.99","PG","2013-05-26 14:50:58.951","{Trailers,""Deleted Scenes"",""Behind the Scenes""}","'beauti':4 'boat':22 'charact':5 'explor':17 'ladi':1 'man':12 'must':14 'pursu':15 'stage':2 'studi':6 'u':21 'u-boat':20 'woman':9",True
511,"Lawrence Love","A Fanciful Yarn of a Database Administrator And a Mad Cow who must Pursue a Womanizer in Berlin",2006,1,7,"0.99",175,"23.99","NC-17","2013-05-26 14:50:58.951","{Commentaries,""Deleted Scenes"",""Behind the Scenes""}","'administr':9 'berlin':20 'cow':13 'databas':8 'fanci':4 'lawrenc':1 'love':2 'mad':12 'must':15 'pursu':16 'woman':18 'yarn':5",True
515,"Legally Secretary","A Astounding Tale of a A Shark And a Moose who must Meet a Womanizer in The Sahara Desert",2006,1,7,"4.99",113,"14.99","PG","2013-05-26 14:50:58.951","{Trailers,Commentaries,""Behind the Scenes""}","'astound':4 'desert':21 'legal':1 'meet':15 'moos':12 'must':14 'sahara':20 'secretari':2 'shark':9 'tale':5 'woman':17",True
523,"Lights Deer","A Unbelieveable Epistle of a Dog And a Woman who must Confront a Moose in The Gulf of Mexico",2006,1,7,"0.99",174,"21.99","R","2013-05-26 14:50:58.951","{Commentaries}","'confront':14 'deer':2 'dog':8 'epistl':5 'gulf':19 'light':1 'mexico':21 'moos':16 'must':13 'unbeliev':4 'woman':11",True
535,"Love Suicides","A Brilliant Panorama of a Hunter And a Explorer who must Pursue a Dentist in An Abandoned Fun House",2006,1,6,"0.99",181,"21.99","R","2013-05-26 14:50:58.951","{Trailers,""Behind the Scenes""}","'abandon':19 'brilliant':4 'dentist':16 'explor':11 'fun':20 'hous':21 'hunter':8 'love':1 'must':13 'panorama':5 'pursu':14 'suicid':2",True
561,"Mask Peach","A Boring Character Study of a Student And a Robot who must Meet a Woman in California",2006,1,6,"2.99",123,"26.99","NC-17","2013-05-26 14:50:58.951","{Commentaries,""Deleted Scenes""}","'bore':4 'california':19 'charact':5 'mask':1 'meet':15 'must':14 'peach':2 'robot':12 'student':9 'studi':6 'woman':17",True
542,"Lust Lock","A Fanciful Panorama of a Hunter And a Dentist who must Meet a Secret Agent in The Sahara Desert",2006,1,3,"2.99",52,"28.99","G","2013-05-26 14:50:58.951","{Trailers,Commentaries,""Behind the Scenes""}","'agent':17 'dentist':11 'desert':21 'fanci':4 'hunter':8 'lock':2 'lust':1 'meet':14 'must':13 'panorama':5 'sahara':20 'secret':16",True
546,"Madre Gables","A Intrepid Panorama of a Sumo Wrestler And a Forensic Psychologist who must Discover a Moose in The First Manned Space Station",2006,1,7,"2.99",98,"27.99","PG-13","2013-05-26 14:50:58.951","{Trailers,Commentaries,""Deleted Scenes""}","'discov':16 'first':21 'forens':12 'gabl':2 'intrepid':4 'madr':1 'man':22 'moos':18 'must':15 'panorama':5 'psychologist':13 'space':23 'station':24 'sumo':8 'wrestler':9",True
559,"Married Go","A Fanciful Story of a Womanizer And a Dog who must Face a Forensic Psychologist in The Sahara Desert",2006,1,7,"2.99",114,"22.99","G","2013-05-26 14:50:58.951","{""Behind the Scenes""}","'desert':21 'dog':11 'face':14 'fanci':4 'forens':16 'go':2 'marri':1 'must':13 'psychologist':17 'sahara':20 'stori':5 'woman':8",True
565,"Matrix Snowman","A Action-Packed Saga of a Womanizer And a Woman who must Overcome a Student in California",2006,1,6,"4.99",56,"9.99","PG-13","2013-05-26 14:50:58.951","{Commentaries,""Deleted Scenes"",""Behind the Scenes""}","'action':5 'action-pack':4 'california':20 'matrix':1 'must':15 'overcom':16 'pack':6 'saga':7 'snowman':2 'student':18 'woman':10,13",True
569,"Menagerie Rushmore","A Unbelieveable Panorama of a Composer And a Butler who must Overcome a Database Administrator in The First Manned Space Station",2006,1,7,"2.99",147,"18.99","G","2013-05-26 14:50:58.951","{Trailers,Commentaries,""Deleted Scenes""}","'administr':17 'butler':11 'compos':8 'databas':16 'first':20 'man':21 'menageri':1 'must':13 'overcom':14 'panorama':5 'rushmor':2 'space':22 'station':23 'unbeliev':4",True
575,"Midsummer Groundhog","A Fateful Panorama of a Moose And a Dog who must Chase a Crocodile in Ancient Japan",2006,1,3,"4.99",48,"27.99","G","2013-05-26 14:50:58.951","{Trailers,""Deleted Scenes""}","'ancient':18 'chase':14 'crocodil':16 'dog':11 'fate':4 'groundhog':2 'japan':19 'midsumm':1 'moos':8 'must':13 'panorama':5",True
578,"Million Ace","A Brilliant Documentary of a Womanizer And a Squirrel who must Find a Technical Writer in The Sahara Desert",2006,1,4,"4.99",142,"16.99","PG-13","2013-05-26 14:50:58.951","{""Deleted Scenes""}","'ace':2 'brilliant':4 'desert':21 'documentari':5 'find':14 'million':1 'must':13 'sahara':20 'squirrel':11 'technic':16 'woman':8 'writer':17",True
580,"Mine Titans","A Amazing Yarn of a Robot And a Womanizer who must Discover a Forensic Psychologist in Berlin",2006,1,3,"4.99",166,"12.99","PG-13","2013-05-26 14:50:58.951","{Trailers,""Deleted Scenes""}","'amaz':4 'berlin':19 'discov':14 'forens':16 'mine':1 'must':13 'psychologist':17 'robot':8 'titan':2 'woman':11 'yarn':5",True
584,"Mixed Doors","A Taut Drama of a Womanizer And a Lumberjack who must Succumb a Pioneer in Ancient India",2006,1,6,"2.99",180,"26.99","PG-13","2013-05-26 14:50:58.951","{""Behind the Scenes""}","'ancient':18 'door':2 'drama':5 'india':19 'lumberjack':11 'mix':1 'must':13 'pioneer':16 'succumb':14 'taut':4 'woman':8",True
586,"Mockingbird Hollywood","A Thoughtful Panorama of a Man And a Car who must Sink a Composer in Berlin",2006,1,4,"0.99",60,"27.99","PG","2013-05-26 14:50:58.951","{""Behind the Scenes""}","'berlin':18 'car':11 'compos':16 'hollywood':2 'man':8 'mockingbird':1 'must':13 'panorama':5 'sink':14 'thought':4",True
588,"Model Fish","A Beautiful Panorama of a Boat And a Crocodile who must Outrace a Dog in Australia",2006,1,4,"4.99",175,"11.99","NC-17","2013-05-26 14:50:58.951","{Trailers,Commentaries,""Behind the Scenes""}","'australia':18 'beauti':4 'boat':8 'crocodil':11 'dog':16 'fish':2 'model':1 'must':13 'outrac':14 'panorama':5",True
604,"Mulan Moon","A Emotional Saga of a Womanizer And a Pioneer who must Overcome a Dentist in A Baloon",2006,1,4,"0.99",160,"10.99","G","2013-05-26 14:50:58.951","{""Behind the Scenes""}","'baloon':19 'dentist':16 'emot':4 'moon':2 'mulan':1 'must':13 'overcom':14 'pioneer':11 'saga':5 'woman':8",True
609,"Muscle Bright","A Stunning Panorama of a Sumo Wrestler And a Husband who must Redeem a Madman in Ancient India",2006,1,7,"2.99",185,"23.99","G","2013-05-26 14:50:58.951","{""Deleted Scenes""}","'ancient':19 'bright':2 'husband':12 'india':20 'madman':17 'muscl':1 'must':14 'panorama':5 'redeem':15 'stun':4 'sumo':8 'wrestler':9",True
620,"Nemo Campus","A Lacklusture Reflection of a Monkey And a Squirrel who must Outrace a Womanizer in A Manhattan Penthouse",2006,1,5,"2.99",131,"23.99","NC-17","2013-05-26 14:50:58.951","{Trailers}","'campus':2 'lacklustur':4 'manhattan':19 'monkey':8 'must':13 'nemo':1 'outrac':14 'penthous':20 'reflect':5 'squirrel':11 'woman':16",True
627,"North Tequila","A Beautiful Character Study of a Mad Cow And a Robot who must Reach a Womanizer in New Orleans",2006,1,4,"4.99",67,"9.99","NC-17","2013-05-26 14:50:58.951","{Commentaries,""Deleted Scenes"",""Behind the Scenes""}","'beauti':4 'charact':5 'cow':10 'mad':9 'must':15 'new':20 'north':1 'orlean':21 'reach':16 'robot':13 'studi':6 'tequila':2 'woman':18",True
628,"Northwest Polish","A Boring Character Study of a Boy And a A Shark who must Outrace a Womanizer in The Outback",2006,1,5,"2.99",172,"24.99","PG","2013-05-26 14:50:58.951","{Trailers}","'bore':4 'boy':9 'charact':5 'must':15 'northwest':1 'outback':21 'outrac':16 'polish':2 'shark':13 'studi':6 'woman':18",True
629,"Notorious Reunion","A Amazing Epistle of a Woman And a Squirrel who must Fight a Hunter in A Baloon",2006,1,7,"0.99",128,"9.99","NC-17","2013-05-26 14:50:58.951","{Trailers,Commentaries,""Deleted Scenes""}","'amaz':4 'baloon':19 'epistl':5 'fight':14 'hunter':16 'must':13 'notori':1 'reunion':2 'squirrel':11 'woman':8",True
630,"Notting Speakeasy","A Thoughtful Display of a Butler And a Womanizer who must Find a Waitress in The Canadian Rockies",2006,1,7,"0.99",48,"19.99","PG-13","2013-05-26 14:50:58.951","{Trailers,Commentaries}","'butler':8 'canadian':19 'display':5 'find':14 'must':13 'not':1 'rocki':20 'speakeasi':2 'thought':4 'waitress':16 'woman':11",True
632,"Nuts Ties","A Thoughtful Drama of a Explorer And a Womanizer who must Meet a Teacher in California",2006,1,5,"4.99",145,"10.99","NC-17","2013-05-26 14:50:58.951","{Trailers,""Behind the Scenes""}","'california':18 'drama':5 'explor':8 'meet':14 'must':13 'nut':1 'teacher':16 'thought':4 'tie':2 'woman':11",True
635,"Oklahoma Jumanji","A Thoughtful Drama of a Dentist And a Womanizer who must Meet a Husband in The Sahara Desert",2006,1,7,"0.99",58,"15.99","PG","2013-05-26 14:50:58.951","{""Behind the Scenes""}","'dentist':8 'desert':20 'drama':5 'husband':16 'jumanji':2 'meet':14 'must':13 'oklahoma':1 'sahara':19 'thought':4 'woman':11",True
641,"Orange Grapes","A Astounding Documentary of a Butler And a Womanizer who must Face a Dog in A U-Boat",2006,1,4,"0.99",76,"21.99","PG-13","2013-05-26 14:50:58.951","{Trailers,Commentaries}","'astound':4 'boat':21 'butler':8 'documentari':5 'dog':16 'face':14 'grape':2 'must':13 'orang':1 'u':20 'u-boat':19 'woman':11",True
646,"Outbreak Divine","A Unbelieveable Yarn of a Database Administrator And a Woman who must Succumb a A Shark in A U-Boat",2006,1,6,"0.99",169,"12.99","NC-17","2013-05-26 14:50:58.951","{Trailers,""Deleted Scenes"",""Behind the Scenes""}","'administr':9 'boat':23 'databas':8 'divin':2 'must':14 'outbreak':1 'shark':18 'succumb':15 'u':22 'u-boat':21 'unbeliev':4 'woman':12 'yarn':5",True
649,"Oz Liaisons","A Epic Yarn of a Mad Scientist And a Cat who must Confront a Womanizer in A Baloon Factory",2006,1,4,"2.99",85,"14.99","R","2013-05-26 14:50:58.951","{Commentaries,""Deleted Scenes"",""Behind the Scenes""}","'baloon':20 'cat':12 'confront':15 'epic':4 'factori':21 'liaison':2 'mad':8 'must':14 'oz':1 'scientist':9 'woman':17 'yarn':5",True
651,"Packer Madigan","A Epic Display of a Sumo Wrestler And a Forensic Psychologist who must Build a Woman in An Abandoned Amusement Park",2006,1,3,"0.99",84,"20.99","PG-13","2013-05-26 14:50:58.951","{Trailers}","'abandon':21 'amus':22 'build':16 'display':5 'epic':4 'forens':12 'madigan':2 'must':15 'packer':1 'park':23 'psychologist':13 'sumo':8 'woman':18 'wrestler':9",True
655,"Panther Reds","A Brilliant Panorama of a Moose And a Man who must Reach a Teacher in The Gulf of Mexico",2006,1,5,"4.99",109,"22.99","NC-17","2013-05-26 14:50:58.951","{""Deleted Scenes"",""Behind the Scenes""}","'brilliant':4 'gulf':19 'man':11 'mexico':21 'moos':8 'must':13 'panorama':5 'panther':1 'reach':14 'red':2 'teacher':16",True
674,"Pet Haunting","A Unbelieveable Reflection of a Explorer And a Boat who must Conquer a Woman in California",2006,1,3,"0.99",99,"11.99","PG","2013-05-26 14:50:58.951","{Trailers,Commentaries}","'boat':11 'california':18 'conquer':14 'explor':8 'haunt':2 'must':13 'pet':1 'reflect':5 'unbeliev':4 'woman':16",True
681,"Pirates Roxanne","A Stunning Drama of a Woman And a Lumberjack who must Overcome a A Shark in The Canadian Rockies",2006,1,4,"0.99",100,"20.99","PG","2013-05-26 14:50:58.951","{Commentaries,""Deleted Scenes""}","'canadian':20 'drama':5 'lumberjack':11 'must':13 'overcom':14 'pirat':1 'rocki':21 'roxann':2 'shark':17 'stun':4 'woman':8",True
683,"Pity Bound","A Boring Panorama of a Feminist And a Moose who must Defeat a Database Administrator in Nigeria",2006,1,5,"4.99",60,"19.99","NC-17","2013-05-26 14:50:58.951","{Commentaries}","'administr':17 'bore':4 'bound':2 'databas':16 'defeat':14 'feminist':8 'moos':11 'must':13 'nigeria':19 'panorama':5 'piti':1",True
685,"Platoon Instinct","A Thrilling Panorama of a Man And a Woman who must Reach a Woman in Australia",2006,1,6,"4.99",132,"10.99","PG-13","2013-05-26 14:50:58.951","{Trailers,Commentaries}","'australia':18 'instinct':2 'man':8 'must':13 'panorama':5 'platoon':1 'reach':14 'thrill':4 'woman':11,16",True
691,"Poseidon Forever","A Thoughtful Epistle of a Womanizer And a Monkey who must Vanquish a Dentist in A Monastery",2006,1,6,"4.99",159,"29.99","PG-13","2013-05-26 14:50:58.951","{Commentaries}","'dentist':16 'epistl':5 'forev':2 'monasteri':19 'monkey':11 'must':13 'poseidon':1 'thought':4 'vanquish':14 'woman':8",True
695,"President Bang","A Fateful Panorama of a Technical Writer And a Moose who must Battle a Robot in Soviet Georgia",2006,1,6,"4.99",144,"12.99","PG","2013-05-26 14:50:58.951","{""Behind the Scenes""}","'bang':2 'battl':15 'fate':4 'georgia':20 'moos':12 'must':14 'panorama':5 'presid':1 'robot':17 'soviet':19 'technic':8 'writer':9",True
701,"Psycho Shrunk","A Amazing Panorama of a Crocodile And a Explorer who must Fight a Husband in Nigeria",2006,1,5,"2.99",155,"11.99","PG-13","2013-05-26 14:50:58.951","{""Behind the Scenes""}","'amaz':4 'crocodil':8 'explor':11 'fight':14 'husband':16 'must':13 'nigeria':18 'panorama':5 'psycho':1 'shrunk':2",True
708,"Quills Bull","A Thoughtful Story of a Pioneer And a Woman who must Reach a Moose in Australia",2006,1,4,"4.99",112,"19.99","R","2013-05-26 14:50:58.951","{Trailers,""Behind the Scenes""}","'australia':18 'bull':2 'moos':16 'must':13 'pioneer':8 'quill':1 'reach':14 'stori':5 'thought':4 'woman':11",True
712,"Raiders Antitrust","A Amazing Drama of a Teacher And a Feminist who must Meet a Woman in The First Manned Space Station",2006,1,4,"0.99",82,"11.99","PG-13","2013-05-26 14:50:58.951","{""Deleted Scenes""}","'amaz':4 'antitrust':2 'drama':5 'feminist':11 'first':19 'man':20 'meet':14 'must':13 'raider':1 'space':21 'station':22 'teacher':8 'woman':16",True
720,"Redemption Comforts","A Emotional Documentary of a Dentist And a Woman who must Battle a Mad Scientist in Ancient China",2006,1,3,"2.99",179,"20.99","NC-17","2013-05-26 14:50:58.951","{Trailers,""Deleted Scenes"",""Behind the Scenes""}","'ancient':19 'battl':14 'china':20 'comfort':2 'dentist':8 'documentari':5 'emot':4 'mad':16 'must':13 'redempt':1 'scientist':17 'woman':11",True
729,"Rider Caddyshack","A Taut Reflection of a Monkey And a Womanizer who must Chase a Moose in Nigeria",2006,1,5,"2.99",177,"28.99","PG","2013-05-26 14:50:58.951","{Commentaries,""Behind the Scenes""}","'caddyshack':2 'chase':14 'monkey':8 'moos':16 'must':13 'nigeria':18 'reflect':5 'rider':1 'taut':4 'woman':11",True
738,"Rocketeer Mother","A Awe-Inspiring Character Study of a Robot And a Sumo Wrestler who must Discover a Womanizer in A Shark Tank",2006,1,3,"0.99",178,"27.99","PG-13","2013-05-26 14:50:58.951","{""Deleted Scenes"",""Behind the Scenes""}","'awe':5 'awe-inspir':4 'charact':7 'discov':18 'inspir':6 'mother':2 'must':17 'robot':11 'rocket':1 'shark':23 'studi':8 'sumo':14 'tank':24 'woman':20 'wrestler':15",True
741,"Roman Punk","A Thoughtful Panorama of a Mad Cow And a Student who must Battle a Forensic Psychologist in Berlin",2006,1,7,"0.99",81,"28.99","NC-17","2013-05-26 14:50:58.951","{Trailers}","'battl':15 'berlin':20 'cow':9 'forens':17 'mad':8 'must':14 'panorama':5 'psychologist':18 'punk':2 'roman':1 'student':12 'thought':4",True
743,"Room Roman","A Awe-Inspiring Panorama of a Composer And a Secret Agent who must Sink a Composer in A Shark Tank",2006,1,7,"0.99",60,"27.99","PG","2013-05-26 14:50:58.951","{Trailers,""Deleted Scenes"",""Behind the Scenes""}","'agent':14 'awe':5 'awe-inspir':4 'compos':10,19 'inspir':6 'must':16 'panorama':7 'roman':2 'room':1 'secret':13 'shark':22 'sink':17 'tank':23",True
745,"Roses Treasure","A Astounding Panorama of a Monkey And a Secret Agent who must Defeat a Woman in The First Manned Space Station",2006,1,5,"4.99",162,"23.99","PG-13","2013-05-26 14:50:58.951","{Commentaries,""Deleted Scenes"",""Behind the Scenes""}","'agent':12 'astound':4 'defeat':15 'first':20 'man':21 'monkey':8 'must':14 'panorama':5 'rose':1 'secret':11 'space':22 'station':23 'treasur':2 'woman':17",True
752,"Runner Madigan","A Thoughtful Documentary of a Crocodile And a Robot who must Outrace a Womanizer in The Outback",2006,1,6,"0.99",101,"27.99","NC-17","2013-05-26 14:50:58.951","{Commentaries,""Deleted Scenes"",""Behind the Scenes""}","'crocodil':8 'documentari':5 'madigan':2 'must':13 'outback':19 'outrac':14 'robot':11 'runner':1 'thought':4 'woman':16",True
754,"Rushmore Mermaid","A Boring Story of a Woman And a Moose who must Reach a Husband in A Shark Tank",2006,1,6,"2.99",150,"17.99","PG-13","2013-05-26 14:50:58.951","{Trailers,Commentaries,""Deleted Scenes""}","'bore':4 'husband':16 'mermaid':2 'moos':11 'must':13 'reach':14 'rushmor':1 'shark':19 'stori':5 'tank':20 'woman':8",True
756,"Saddle Antitrust","A Stunning Epistle of a Feminist And a A Shark who must Battle a Woman in An Abandoned Fun House",2006,1,7,"2.99",80,"10.99","PG-13","2013-05-26 14:50:58.951","{Trailers,""Deleted Scenes""}","'abandon':20 'antitrust':2 'battl':15 'epistl':5 'feminist':8 'fun':21 'hous':22 'must':14 'saddl':1 'shark':12 'stun':4 'woman':17",True
774,"Searchers Wait","A Fast-Paced Tale of a Car And a Mad Scientist who must Kill a Womanizer in Ancient Japan",2006,1,3,"2.99",182,"22.99","NC-17","2013-05-26 14:50:58.951","{Trailers,Commentaries,""Deleted Scenes"",""Behind the Scenes""}","'ancient':21 'car':10 'fast':5 'fast-pac':4 'japan':22 'kill':17 'mad':13 'must':16 'pace':6 'scientist':14 'searcher':1 'tale':7 'wait':2 'woman':19",True
777,"Secretary Rouge","A Action-Packed Panorama of a Mad Cow And a Composer who must Discover a Robot in A Baloon Factory",2006,1,5,"4.99",158,"10.99","PG","2013-05-26 14:50:58.951","{Commentaries,""Behind the Scenes""}","'action':5 'action-pack':4 'baloon':22 'compos':14 'cow':11 'discov':17 'factori':23 'mad':10 'must':16 'pack':6 'panorama':7 'robot':19 'roug':2 'secretari':1",True
782,"Shakespeare Saddle","A Fast-Paced Panorama of a Lumberjack And a Database Administrator who must Defeat a Madman in A MySQL Convention",2006,1,6,"2.99",60,"26.99","PG-13","2013-05-26 14:50:58.951","{Commentaries,""Behind the Scenes""}","'administr':14 'convent':23 'databas':13 'defeat':17 'fast':5 'fast-pac':4 'lumberjack':10 'madman':19 'must':16 'mysql':22 'pace':6 'panorama':7 'saddl':2 'shakespear':1",True
783,"Shane Darkness","A Action-Packed Saga of a Moose And a Lumberjack who must Find a Woman in Berlin",2006,1,5,"2.99",93,"22.99","PG","2013-05-26 14:50:58.951","{Commentaries,""Deleted Scenes""}","'action':5 'action-pack':4 'berlin':20 'dark':2 'find':16 'lumberjack':13 'moos':10 'must':15 'pack':6 'saga':7 'shane':1 'woman':18",True
786,"Shepherd Midsummer","A Thoughtful Drama of a Robot And a Womanizer who must Kill a Lumberjack in A Baloon",2006,1,7,"0.99",113,"14.99","R","2013-05-26 14:50:58.951","{""Deleted Scenes""}","'baloon':19 'drama':5 'kill':14 'lumberjack':16 'midsumm':2 'must':13 'robot':8 'shepherd':1 'thought':4 'woman':11",True
794,"Side Ark","A Stunning Panorama of a Crocodile And a Womanizer who must Meet a Feminist in The Canadian Rockies",2006,1,5,"0.99",52,"28.99","G","2013-05-26 14:50:58.951","{""Deleted Scenes"",""Behind the Scenes""}","'ark':2 'canadian':19 'crocodil':8 'feminist':16 'meet':14 'must':13 'panorama':5 'rocki':20 'side':1 'stun':4 'woman':11",True
801,"Sister Freddy","A Stunning Saga of a Butler And a Woman who must Pursue a Explorer in Australia",2006,1,5,"4.99",152,"19.99","PG-13","2013-05-26 14:50:58.951","{Trailers,""Behind the Scenes""}","'australia':18 'butler':8 'explor':16 'freddi':2 'must':13 'pursu':14 'saga':5 'sister':1 'stun':4 'woman':11",True
814,"Snatch Slipper","A Insightful Panorama of a Woman And a Feminist who must Defeat a Forensic Psychologist in Berlin",2006,1,6,"4.99",110,"15.99","PG","2013-05-26 14:50:58.951","{Commentaries}","'berlin':19 'defeat':14 'feminist':11 'forens':16 'insight':4 'must':13 'panorama':5 'psychologist':17 'slipper':2 'snatch':1 'woman':8",True
815,"Snatchers Montezuma","A Boring Epistle of a Sumo Wrestler And a Woman who must Escape a Man in The Canadian Rockies",2006,1,4,"2.99",74,"14.99","PG-13","2013-05-26 14:50:58.951","{Commentaries}","'bore':4 'canadian':20 'epistl':5 'escap':15 'man':17 'montezuma':2 'must':14 'rocki':21 'snatcher':1 'sumo':8 'woman':12 'wrestler':9",True
817,"Soldiers Evolution","A Lacklusture Panorama of a A Shark And a Pioneer who must Confront a Student in The First Manned Space Station",2006,1,7,"4.99",185,"27.99","R","2013-05-26 14:50:58.951","{Trailers,Commentaries,""Deleted Scenes"",""Behind the Scenes""}","'confront':15 'evolut':2 'first':20 'lacklustur':4 'man':21 'must':14 'panorama':5 'pioneer':12 'shark':9 'soldier':1 'space':22 'station':23 'student':17",True
824,"Spartacus Cheaper","A Thrilling Panorama of a Pastry Chef And a Secret Agent who must Overcome a Student in A Manhattan Penthouse",2006,1,4,"4.99",52,"19.99","NC-17","2013-05-26 14:50:58.951","{""Deleted Scenes"",""Behind the Scenes""}","'agent':13 'cheaper':2 'chef':9 'manhattan':21 'must':15 'overcom':16 'panorama':5 'pastri':8 'penthous':22 'secret':12 'spartacus':1 'student':18 'thrill':4",True
837,"Stage World","A Lacklusture Panorama of a Woman And a Frisbee who must Chase a Crocodile in A Jet Boat",2006,1,4,"2.99",85,"19.99","PG","2013-05-26 14:50:58.951","{Commentaries,""Behind the Scenes""}","'boat':20 'chase':14 'crocodil':16 'frisbe':11 'jet':19 'lacklustur':4 'must':13 'panorama':5 'stage':1 'woman':8 'world':2",True
840,"Stampede Disturbing","A Unbelieveable Tale of a Woman And a Lumberjack who must Fight a Frisbee in A U-Boat",2006,1,5,"0.99",75,"26.99","R","2013-05-26 14:50:58.951","{Commentaries,""Deleted Scenes"",""Behind the Scenes""}","'boat':21 'disturb':2 'fight':14 'frisbe':16 'lumberjack':11 'must':13 'stamped':1 'tale':5 'u':20 'u-boat':19 'unbeliev':4 'woman':8",True
851,"Straight Hours","A Boring Panorama of a Secret Agent And a Girl who must Sink a Waitress in The Outback",2006,1,3,"0.99",151,"19.99","R","2013-05-26 14:50:58.951","{Commentaries,""Behind the Scenes""}","'agent':9 'bore':4 'girl':12 'hour':2 'must':14 'outback':20 'panorama':5 'secret':8 'sink':15 'straight':1 'waitress':17",True
852,"Strangelove Desire","A Awe-Inspiring Panorama of a Lumberjack And a Waitress who must Defeat a Crocodile in An Abandoned Amusement Park",2006,1,4,"0.99",103,"27.99","NC-17","2013-05-26 14:50:58.951","{Trailers,Commentaries,""Deleted Scenes""}","'abandon':21 'amus':22 'awe':5 'awe-inspir':4 'crocodil':18 'defeat':16 'desir':2 'inspir':6 'lumberjack':10 'must':15 'panorama':7 'park':23 'strangelov':1 'waitress':13",True
853,"Stranger Strangers","A Awe-Inspiring Yarn of a Womanizer And a Explorer who must Fight a Woman in The First Manned Space Station",2006,1,3,"4.99",139,"12.99","G","2013-05-26 14:50:58.951","{Commentaries,""Deleted Scenes""}","'awe':5 'awe-inspir':4 'explor':13 'fight':16 'first':21 'inspir':6 'man':22 'must':15 'space':23 'station':24 'stranger':1,2 'woman':10,18 'yarn':7",True
861,"Suit Walls","A Touching Panorama of a Lumberjack And a Frisbee who must Build a Dog in Australia",2006,1,3,"4.99",111,"12.99","R","2013-05-26 14:50:58.951","{Commentaries}","'australia':18 'build':14 'dog':16 'frisbe':11 'lumberjack':8 'must':13 'panorama':5 'suit':1 'touch':4 'wall':2",True
862,"Summer Scarface","A Emotional Panorama of a Lumberjack And a Hunter who must Meet a Girl in A Shark Tank",2006,1,5,"0.99",53,"25.99","G","2013-05-26 14:50:58.951","{""Deleted Scenes"",""Behind the Scenes""}","'emot':4 'girl':16 'hunter':11 'lumberjack':8 'meet':14 'must':13 'panorama':5 'scarfac':2 'shark':19 'summer':1 'tank':20",True
870,"Swarm Gold","A Insightful Panorama of a Crocodile And a Boat who must Conquer a Sumo Wrestler in A MySQL Convention",2006,1,4,"0.99",123,"12.99","PG-13","2013-05-26 14:50:58.951","{Trailers,Commentaries}","'boat':11 'conquer':14 'convent':21 'crocodil':8 'gold':2 'insight':4 'must':13 'mysql':20 'panorama':5 'sumo':16 'swarm':1 'wrestler':17",True
873,"Sweethearts Suspects","A Brilliant Character Study of a Frisbee And a Sumo Wrestler who must Confront a Woman in The Gulf of Mexico",2006,1,3,"0.99",108,"13.99","G","2013-05-26 14:50:58.951","{Trailers,Commentaries,""Deleted Scenes"",""Behind the Scenes""}","'brilliant':4 'charact':5 'confront':16 'frisbe':9 'gulf':21 'mexico':23 'must':15 'studi':6 'sumo':12 'suspect':2 'sweetheart':1 'woman':18 'wrestler':13",True
875,"Talented Homicide","A Lacklusture Panorama of a Dentist And a Forensic Psychologist who must Outrace a Pioneer in A U-Boat",2006,1,6,"0.99",173,"9.99","PG","2013-05-26 14:50:58.951","{Commentaries,""Deleted Scenes"",""Behind the Scenes""}","'boat':22 'dentist':8 'forens':11 'homicid':2 'lacklustur':4 'must':14 'outrac':15 'panorama':5 'pioneer':17 'psychologist':12 'talent':1 'u':21 'u-boat':20",True
877,"Taxi Kick","A Amazing Epistle of a Girl And a Woman who must Outrace a Waitress in Soviet Georgia",2006,1,4,"0.99",64,"23.99","PG-13","2013-05-26 14:50:58.951","{Commentaries,""Deleted Scenes""}","'amaz':4 'epistl':5 'georgia':19 'girl':8 'kick':2 'must':13 'outrac':14 'soviet':18 'taxi':1 'waitress':16 'woman':11",True
880,"Telemark Heartbreakers","A Action-Packed Panorama of a Technical Writer And a Man who must Build a Forensic Psychologist in A Manhattan Penthouse",2006,1,6,"2.99",152,"9.99","PG-13","2013-05-26 14:50:58.951","{Trailers,Commentaries,""Deleted Scenes"",""Behind the Scenes""}","'action':5 'action-pack':4 'build':17 'forens':19 'heartbreak':2 'man':14 'manhattan':23 'must':16 'pack':6 'panorama':7 'penthous':24 'psychologist':20 'technic':10 'telemark':1 'writer':11",True
881,"Temple Attraction","A Action-Packed Saga of a Forensic Psychologist And a Woman who must Battle a Womanizer in Soviet Georgia",2006,1,5,"4.99",71,"13.99","PG","2013-05-26 14:50:58.951","{Commentaries,""Deleted Scenes""}","'action':5 'action-pack':4 'attract':2 'battl':17 'forens':10 'georgia':22 'must':16 'pack':6 'psychologist':11 'saga':7 'soviet':21 'templ':1 'woman':14,19",True
883,"Tequila Past","A Action-Packed Panorama of a Mad Scientist And a Robot who must Challenge a Student in Nigeria",2006,1,6,"4.99",53,"17.99","PG","2013-05-26 14:50:58.951","{Commentaries,""Behind the Scenes""}","'action':5 'action-pack':4 'challeng':17 'mad':10 'must':16 'nigeria':21 'pack':6 'panorama':7 'past':2 'robot':14 'scientist':11 'student':19 'tequila':1",True
886,"Theory Mermaid","A Fateful Yarn of a Composer And a Monkey who must Vanquish a Womanizer in The First Manned Space Station",2006,1,5,"0.99",184,"9.99","PG-13","2013-05-26 14:50:58.951","{""Deleted Scenes"",""Behind the Scenes""}","'compos':8 'fate':4 'first':19 'man':20 'mermaid':2 'monkey':11 'must':13 'space':21 'station':22 'theori':1 'vanquish':14 'woman':16 'yarn':5",True
893,"Titans Jerk","A Unbelieveable Panorama of a Feminist And a Sumo Wrestler who must Challenge a Technical Writer in Ancient China",2006,1,4,"4.99",91,"11.99","PG","2013-05-26 14:50:58.951","{""Behind the Scenes""}","'ancient':20 'challeng':15 'china':21 'feminist':8 'jerk':2 'must':14 'panorama':5 'sumo':11 'technic':17 'titan':1 'unbeliev':4 'wrestler':12 'writer':18",True
896,"Tootsie Pilot","A Awe-Inspiring Documentary of a Womanizer And a Pastry Chef who must Kill a Lumberjack in Berlin",2006,1,3,"0.99",157,"10.99","PG","2013-05-26 14:50:58.951","{Commentaries,""Deleted Scenes"",""Behind the Scenes""}","'awe':5 'awe-inspir':4 'berlin':21 'chef':14 'documentari':7 'inspir':6 'kill':17 'lumberjack':19 'must':16 'pastri':13 'pilot':2 'tootsi':1 'woman':10",True
907,"Translation Summer","A Touching Reflection of a Man And a Monkey who must Pursue a Womanizer in A MySQL Convention",2006,1,4,"0.99",168,"10.99","PG-13","2013-05-26 14:50:58.951","{Trailers}","'convent':20 'man':8 'monkey':11 'must':13 'mysql':19 'pursu':14 'reflect':5 'summer':2 'touch':4 'translat':1 'woman':16",True
912,"Trojan Tomorrow","A Astounding Panorama of a Husband And a Sumo Wrestler who must Pursue a Boat in Ancient India",2006,1,3,"2.99",52,"9.99","PG","2013-05-26 14:50:58.951","{Commentaries,""Deleted Scenes""}","'ancient':19 'astound':4 'boat':17 'husband':8 'india':20 'must':14 'panorama':5 'pursu':15 'sumo':11 'tomorrow':2 'trojan':1 'wrestler':12",True
914,"Trouble Date","A Lacklusture Panorama of a Forensic Psychologist And a Woman who must Kill a Explorer in Ancient Japan",2006,1,6,"2.99",61,"13.99","PG","2013-05-26 14:50:58.951","{Trailers,Commentaries,""Behind the Scenes""}","'ancient':19 'date':2 'explor':17 'forens':8 'japan':20 'kill':15 'lacklustur':4 'must':14 'panorama':5 'psychologist':9 'troubl':1 'woman':12",True
926,"Untouchables Sunrise","A Amazing Documentary of a Woman And a Astronaut who must Outrace a Teacher in An Abandoned Fun House",2006,1,5,"2.99",120,"11.99","NC-17","2013-05-26 14:50:58.951","{Trailers,""Deleted Scenes""}","'abandon':19 'amaz':4 'astronaut':11 'documentari':5 'fun':20 'hous':21 'must':13 'outrac':14 'sunris':2 'teacher':16 'untouch':1 'woman':8",True
927,"Uprising Uptown","A Fanciful Reflection of a Boy And a Butler who must Pursue a Woman in Berlin",2006,1,6,"2.99",174,"16.99","NC-17","2013-05-26 14:50:58.951","{Trailers,""Behind the Scenes""}","'berlin':18 'boy':8 'butler':11 'fanci':4 'must':13 'pursu':14 'reflect':5 'upris':1 'uptown':2 'woman':16",True
936,"Vanishing Rocky","A Brilliant Reflection of a Man And a Woman who must Conquer a Pioneer in A MySQL Convention",2006,1,3,"2.99",123,"21.99","NC-17","2013-05-26 14:50:58.951","{Trailers,Commentaries,""Behind the Scenes""}","'brilliant':4 'conquer':14 'convent':20 'man':8 'must':13 'mysql':19 'pioneer':16 'reflect':5 'rocki':2 'vanish':1 'woman':11",True
945,"Virginian Pluto","A Emotional Panorama of a Dentist And a Crocodile who must Meet a Boy in Berlin",2006,1,5,"0.99",164,"22.99","R","2013-05-26 14:50:58.951","{""Deleted Scenes""}","'berlin':18 'boy':16 'crocodil':11 'dentist':8 'emot':4 'meet':14 'must':13 'panorama':5 'pluto':2 'virginian':1",True
948,"Voice Peach","A Amazing Panorama of a Pioneer And a Student who must Overcome a Mad Scientist in A Manhattan Penthouse",2006,1,6,"0.99",139,"22.99","PG-13","2013-05-26 14:50:58.951","{Commentaries,""Behind the Scenes""}","'amaz':4 'mad':16 'manhattan':20 'must':13 'overcom':14 'panorama':5 'peach':2 'penthous':21 'pioneer':8 'scientist':17 'student':11 'voic':1",True
950,"Volume House","A Boring Tale of a Dog And a Woman who must Meet a Dentist in California",2006,1,7,"4.99",132,"12.99","PG","2013-05-26 14:50:58.951","{Commentaries}","'bore':4 'california':18 'dentist':16 'dog':8 'hous':2 'meet':14 'must':13 'tale':5 'volum':1 'woman':11",True
953,"Wait Cider","A Intrepid Epistle of a Woman And a Forensic Psychologist who must Succumb a Astronaut in A Manhattan Penthouse",2006,1,3,"0.99",112,"9.99","PG-13","2013-05-26 14:50:58.951","{Trailers}","'astronaut':17 'cider':2 'epistl':5 'forens':11 'intrepid':4 'manhattan':20 'must':14 'penthous':21 'psychologist':12 'succumb':15 'wait':1 'woman':8",True
955,"Walls Artist","A Insightful Panorama of a Teacher And a Teacher who must Overcome a Mad Cow in An Abandoned Fun House",2006,1,7,"4.99",135,"19.99","PG","2013-05-26 14:50:58.951","{Trailers,""Behind the Scenes""}","'abandon':20 'artist':2 'cow':17 'fun':21 'hous':22 'insight':4 'mad':16 'must':13 'overcom':14 'panorama':5 'teacher':8,11 'wall':1",True
956,"Wanda Chamber","A Insightful Drama of a A Shark And a Pioneer who must Find a Womanizer in The Outback",2006,1,7,"4.99",107,"23.99","PG-13","2013-05-26 14:50:58.951","{Commentaries,""Deleted Scenes"",""Behind the Scenes""}","'chamber':2 'drama':5 'find':15 'insight':4 'must':14 'outback':20 'pioneer':12 'shark':9 'wanda':1 'woman':17",True
962,"Wasteland Divine","A Fanciful Story of a Database Administrator And a Womanizer who must Fight a Database Administrator in Ancient China",2006,1,7,"2.99",85,"18.99","PG","2013-05-26 14:50:58.951","{Trailers,""Deleted Scenes"",""Behind the Scenes""}","'administr':9,18 'ancient':20 'china':21 'databas':8,17 'divin':2 'fanci':4 'fight':15 'must':14 'stori':5 'wasteland':1 'woman':12",True
964,"Waterfront Deliverance","A Unbelieveable Documentary of a Dentist And a Technical Writer who must Build a Womanizer in Nigeria",2006,1,4,"4.99",61,"17.99","G","2013-05-26 14:50:58.951","{""Behind the Scenes""}","'build':15 'deliver':2 'dentist':8 'documentari':5 'must':14 'nigeria':19 'technic':11 'unbeliev':4 'waterfront':1 'woman':17 'writer':12",True
975,"Willow Tracy","A Brilliant Panorama of a Boat And a Astronaut who must Challenge a Teacher in A Manhattan Penthouse",2006,1,6,"2.99",137,"22.99","R","2013-05-26 14:50:58.951","{Trailers,Commentaries,""Behind the Scenes""}","'astronaut':11 'boat':8 'brilliant':4 'challeng':14 'manhattan':19 'must':13 'panorama':5 'penthous':20 'teacher':16 'traci':2 'willow':1",True
977,"Window Side","A Astounding Character Study of a Womanizer And a Hunter who must Escape a Robot in A Monastery",2006,1,3,"2.99",85,"25.99","R","2013-05-26 14:50:58.951","{""Deleted Scenes"",""Behind the Scenes""}","'astound':4 'charact':5 'escap':15 'hunter':12 'monasteri':20 'must':14 'robot':17 'side':2 'studi':6 'window':1 'woman':9",True
984,"Wonderful Drop","A Boring Panorama of a Woman And a Madman who must Overcome a Butler in A U-Boat",2006,1,3,"2.99",126,"20.99","NC-17","2013-05-26 14:50:58.951","{Commentaries}","'boat':21 'bore':4 'butler':16 'drop':2 'madman':11 'must':13 'overcom':14 'panorama':5 'u':20 'u-boat':19 'woman':8 'wonder':1",True
994,"Wyoming Storm","A Awe-Inspiring Panorama of a Robot And a Boat who must Overcome a Feminist in A U-Boat",2006,1,6,"4.99",100,"29.99","PG-13","2013-05-26 14:50:58.951","{""Deleted Scenes""}","'awe':5 'awe-inspir':4 'boat':13,23 'feminist':18 'inspir':6 'must':15 'overcom':16 'panorama':7 'robot':10 'storm':2 'u':22 'u-boat':21 'wyom':1",True
995,"Yentl Idaho","A Amazing Display of a Robot And a Astronaut who must Fight a Womanizer in Berlin",2006,1,5,"4.99",86,"11.99","R","2013-05-26 14:50:58.951","{Trailers,Commentaries,""Deleted Scenes""}","'amaz':4 'astronaut':11 'berlin':18 'display':5 'fight':14 'idaho':2 'must':13 'robot':8 'woman':16 'yentl':1",True
1000,"Zorro Ark","A Intrepid Panorama of a Mad Scientist And a Boy who must Redeem a Boy in A Monastery",2006,1,3,"4.99",50,"18.99","NC-17","2013-05-26 14:50:58.951","{Trailers,Commentaries,""Behind the Scenes""}","'ark':2 'boy':12,17 'intrepid':4 'mad':8 'monasteri':20 'must':14 'panorama':5 'redeem':15 'scientist':9 'zorro':1",True
